Date,Invitee_ID,Admin_Closer,Inviter_ID,Admin_Recommender
"5/9/2025, 14:32:15",OT1117,Telegran,OT411,P
"6/9/2025, 17:55:18",OT1152,Telegran,OT1138,TR
"6/9/2025, 18:38:33",OT1156,Telegran,OT1153,KR
"8/9/2025, 16:03:42",OT1223,JK,OT1216,Telegran
"10/9/2025, 18:17:55",OT1319,g.,OT1308,g.
"11/9/2025, 12:18:24",OT1353,g.,OT1319,g.
"11/9/2025, 16:26:59",OT1363,Telegran,OT1223,JK
"15/9/2025, 13:11:32",OT1472,KR,OT1471,g.
"16/9/2025, 11:50:01",OT1508,g.,OT1291,KR
"19/9/2025, 16:19:47",OT1662,g.,OT1455,g.
"20/9/2025, 0:10:01",OT1672,Kethie246,OT233,g.
"20/9/2025, 20:08:52",OT1699,g.,OT446,g.
"23/9/2025, 23:06:39",OT1825,Kethie246,OT1786,Kethie246
"24/9/2025, 17:55:09",OT1849,T,OT1616,AA
"24/9/2025, 21:42:26",OT1858,JK,OT465,Kethie246
"24/9/2025, 23:25:28",OT1864,Kethie246,OT1863,Kethie246
"24/9/2025, 23:58:03",OT1865,Kethie246,OT225,KR
"25/9/2025, 11:46:04",OT1871,‡πÅ‡∏≠‡∏î‡∏Å‡∏¥‡πä‡∏Å,OT427,AA
"25/9/2025, 13:36:05",OT1885,P,OT1883,‡πÅ‡∏≠‡∏î‡∏Å‡∏¥‡πä‡∏Å
"26/9/2025, 0:47:17",OT1905,Kethie246,OT1729,g.
"26/9/2025, 11:23:29",OT1908,KR,OT111,KR
"26/9/2025, 14:19:01",OT1912,KR,OT1812,AA
"26/9/2025, 15:30:54",OT1915,T,OT1855,JK
"26/9/2025, 18:50:45",OT1922,KR,OT1385,JK
"27/9/2025, 12:07:41",OT1940,T,OT411,P
"27/9/2025, 17:03:06",OT1949,N,OT168,TR
"27/9/2025, 18:25:02",OT1952,KR,OT1111,KR
"27/9/2025, 19:01:26",OT1954,KR,OT1335,AA
"27/9/2025, 21:52:01",OT1956,T,OT1290,KR
"28/9/2025, 10:31:01",OT1967,KR,OT1815,g.
"28/9/2025, 16:28:20",OT1981,N,OT1140,T
"28/9/2025, 20:57:27",OT1990,Kethie246,OT1460,g.
"29/9/2025, 9:37:03",OT1999,‡πÅ‡∏≠‡∏î‡∏Å‡∏¥‡πä‡∏Å,OT1687,g.
"29/9/2025, 12:43:10",OT2006,JK,OT1714,JK
"29/9/2025, 13:42:25",OT2009,‡πÅ‡∏≠‡∏î‡∏Å‡∏¥‡πä‡∏Å,OT9,KR
"29/9/2025, 15:23:50",OT2016,‡πÅ‡∏≠‡∏î‡∏Å‡∏¥‡πä‡∏Å,OT1761,P
"29/9/2025, 15:50:48",OT2020,‡πÅ‡∏≠‡∏î‡∏Å‡∏¥‡πä‡∏Å,OT1656,AA
"29/9/2025, 16:01:15",OT2015,KR,OT465,Kethie246
"29/9/2025, 17:42:56",OT2024,g.,OT1914,T
"30/9/2025, 19:22:43",OT2080,‡πÅ‡∏≠‡∏î‡∏Å‡∏¥‡πä‡∏Å,OT439,g.
"1/10/2025, 2:02:44",OT2094,Kethie246,OT1729,g.
"1/10/2025, 9:49:30",OT2097,‡πÅ‡∏≠‡∏î‡∏Å‡∏¥‡πä‡∏Å,OT1232,TR
"1/10/2025, 10:45:54",OT2100,AA,OT2010,KR
"1/10/2025, 10:53:45",OT2056,P,OT480,P
"1/10/2025, 12:59:09",OT2115,KR,OT1138,TR
"1/10/2025, 17:32:58",OT2129,N,OT233,g.
"1/10/2025, 19:58:14",OT2139,KR,OT2138,KR
"1/10/2025, 20:35:45",OT2141,Kethie246,OT324,KR
"2/10/2025, 11:34:43",OT2158,‡πÅ‡∏≠‡∏î‡∏Å‡∏¥‡πä‡∏Å,OT917,‡πÅ‡∏≠‡∏î‡∏Å‡∏¥‡πä‡∏Å
"2/10/2025, 16:02:53",OT2174,g.,OT914,g.
"2/10/2025, 20:27:07",OT2185,T,OT2108,g.
"5/10/2025, 17:49:14",OT2254,JK,OT2079,KR
"6/10/2025, 10:22:02",OT2261,KR,OT973,KR
"6/10/2025, 18:22:37",OT2271,P,OT1282,Telegran
"7/10/2025, 14:41:14",OT2286,g.,OT1883,‡πÅ‡∏≠‡∏î‡∏Å‡∏¥‡πä‡∏Å
"7/10/2025, 20:24:33",OT2297,JK,OT2129,N
"9/10/2025, 14:34:48",OT2338,KR,OT2108,g.
"10/10/2025, 9:51:50",OT2354,KR,OT1432,TR
"10/10/2025, 20:45:45",OT2371,Kethie246,OT1794,JK
"11/10/2025, 19:16:11",OT2389,KR,OT1515,TR
"11/10/2025, 19:48:45",OT2391,JK,OT1199,Kethie246
"12/10/2025, 20:44:48",OT2422,Kethie246,OT793,T
"13/10/2025, 11:27:23",OT2427,JK,OT1621,AA
"14/10/2025, 8:24:22",OT2450,KR,OT2135,‡πÅ‡∏≠‡∏î‡∏Å‡∏¥‡πä‡∏Å
"14/10/2025, 12:02:02",OT2463,P,OT60,P
"14/10/2025, 13:02:22",OT2470,KR,OT1434,TR
"14/10/2025, 16:55:21",OT2477,P,OT585,KR
"14/10/2025, 21:12:21",OT2482,T,OT98,JK
"14/10/2025, 21:37:16",OT226,Kethie246,OT808,‡πÅ‡∏≠‡∏î‡∏Å‡∏¥‡πä‡∏Å
"15/10/2025, 14:52:40",OT2506,g.,OT60,P
"15/10/2025, 18:22:53",OT2521,KR,OT1979,JK
"16/10/2025, 0:47:20",OT2533,Kethie246,OT1645,JK
"16/10/2025, 11:31:18",OT2542,N,OT2463,P
"16/10/2025, 11:59:23",OT2543,N,OT1363,Telegran
"16/10/2025, 14:06:59",OT2546,KR,OT2502,KR
"17/10/2025, 0:05:25",OT2561,Kethie246,OT200,KR
"17/10/2025, 8:53:48",OT2570,KR,OT1842,KR
"17/10/2025, 12:29:36",OT2580,g.,OT1474,g.
"17/10/2025, 13:42:32",OT2585,P,OT1534,g.
"20/10/2025, 22:40:37",OT2668,g.,OT2463,P
"20/10/2025, 22:48:32",OT2687,g.,OT2323,g.
"20/10/2025, 22:52:30",OT2650,g.,OT1828,Kethie246
"21/10/2025, 8:14:33",OT2622,‡πÅ‡∏≠‡∏î‡∏Å‡∏¥‡πä‡∏Å,OT1893,g.
"21/10/2025, 9:09:21",OT2715,KR,OT2423,KR
"21/10/2025, 10:10:20",OT2718,KR,OT2423,KR
"22/10/2025, 8:26:12",OT2754,KR,OT2675,KR
"22/10/2025, 16:42:25",OT2768,g.,OT2530,Kethie246
"23/10/2025, 12:01:23",OT2787,N,OT812,Kethie246
"23/10/2025, 13:58:31",OT2796,P,OT60,P
"23/10/2025, 17:36:43",OT2808,N,OT1460,g.
"23/10/2025, 17:50:36",OT2809,JK,OT2413,N
"25/10/2025, 13:13:34",OT2875,KR,OT2552,N
"26/10/2025, 9:26:54",OT2883,P,OT109,KR
"27/10/2025, 8:28:08",OT2918,‡πÅ‡∏≠‡∏î‡∏Å‡∏¥‡πä‡∏Å,OT1624,Telegran
"27/10/2025, 9:44:28",OT2921,‡πÅ‡∏≠‡∏î‡∏Å‡∏¥‡πä‡∏Å,OT2870,g.
"27/10/2025, 13:06:28",OT2927,‡πÅ‡∏≠‡∏î‡∏Å‡∏¥‡πä‡∏Å,OT1141,Telegran
"27/10/2025, 13:25:26",OT2930,KR,OT2609,AA
"27/10/2025, 15:57:59",OT2938,g.,OT1643,T
"27/10/2025, 16:34:29",OT2941,‡πÅ‡∏≠‡∏î‡∏Å‡∏¥‡πä‡∏Å,OT585,KR
"27/10/2025, 16:48:32",OT2936,g.,OT2701,AA
"27/10/2025, 21:16:46",OT2954,P,OT2870,g.
"27/10/2025, 21:19:36",OT2955,AA,OT363,KR
"28/10/2025, 12:28:53",OT2973,P,OT2423,KR
"28/10/2025, 13:16:32",OT2978,g.,OT1143,JK
"28/10/2025, 15:48:00",OT2986,JK,OT312,‡πÅ‡∏≠‡∏î‡∏Å‡∏¥‡πä‡∏Å
"28/10/2025, 17:30:35",OT2994,N,OT2450,KR
"28/10/2025, 18:19:58",OT2988,N,OT2632,‡πÅ‡∏≠‡∏î‡∏Å‡∏¥‡πä‡∏Å
"28/10/2025, 19:34:27",OT3001,g.,OT2999,AA
"28/10/2025, 21:15:25",OT3008,Kethie246,OT1876,Telegran
"28/10/2025, 21:37:06",OT3009,N,OT2413,N
"29/10/2025, 12:29:17",OT3022,P,OT2731,N
"29/10/2025, 13:22:41",OT3028,P,OT717,T
"29/10/2025, 21:52:09",OT3044,N,OT78,P
"30/10/2025, 11:31:48",OT3065,N,OT2947,N
"30/10/2025, 14:10:44",OT3073,N,OT2305,Kethie246
"30/10/2025, 15:13:34",OT3076,‡πÅ‡∏≠‡∏î‡∏Å‡∏¥‡πä‡∏Å,OT987,AA
"30/10/2025, 20:33:16",OT3087,P,OT2530,Kethie246
"30/10/2025, 21:29:40",OT3090,JK,OT518,N
"31/10/2025, 1:58:17",OT3094,Kethie246,OT1979,JK
"31/10/2025, 10:13:59",OT3103,‡πÅ‡∏≠‡∏î‡∏Å‡∏¥‡πä‡∏Å,OT2607,g.
"31/10/2025, 10:26:59",OT3104,N,OT2304,Kethie246
"31/10/2025, 12:20:42",OT31111,P,OT3071,T
"31/10/2025, 14:29:01",OT3111,P,OT3071,T
"31/10/2025, 17:53:19",OT3136,KR,OT3134,JK
"31/10/2025, 18:53:13",OT3142,AA,OT920,g.
"31/10/2025, 19:06:01",OT3144,P,OT1990,Kethie246
"31/10/2025, 21:28:14",OT3152,g.,OT2432,JK
"31/10/2025, 21:37:08",OT3158,JK,OT3134,JK
"31/10/2025, 21:44:35",OT3159,T,OT3134,JK
"1/11/2025, 13:49:42",OT3189,‡πÅ‡∏≠‡∏î‡∏Å‡∏¥‡πä‡∏Å,OT977,N
"1/11/2025, 15:34:44",OT3194,KR,OT2723,AA
"1/11/2025, 17:27:08",OT3201,T,OT1711,Kethie246
"1/11/2025, 18:31:45",OT3204,g.,OT571,P
"1/11/2025, 18:53:45",OT3206,N,OT1388,JK
"1/11/2025, 19:02:34",OT3207,‡πÅ‡∏≠‡∏î‡∏Å‡∏¥‡πä‡∏Å,OT1780,Kethie246
"2/11/2025, 18:11:43",OT3243,N,OT5,KR
"2/11/2025, 21:26:43",OT3253,P,OT1951,g.
"3/11/2025, 9:06:40",OT3260,‡πÅ‡∏≠‡∏î‡∏Å‡∏¥‡πä‡∏Å,OT2547,N
"3/11/2025, 9:51:39",OT3270,KR,OT3247,‡πÅ‡∏≠‡∏î‡∏Å‡∏¥‡πä‡∏Å
"3/11/2025, 11:10:38",OT3274,P,OT3224,Kethie246
"3/11/2025, 12:49:27",OT3280,JK,OT2547,N
"3/11/2025, 13:13:24",OT3282,N,OT1206,AA
"3/11/2025, 13:54:37",OT3284,N,OT1973,N
"3/11/2025, 14:16:11",OT3285,KR,OT1180,AA
"3/11/2025, 15:32:08",OT3292,KR,OT98,JK
"3/11/2025, 16:12:58",OT3294,g.,OT351,T
"3/11/2025, 20:15:57",OT3301,‡πÅ‡∏≠‡∏î‡∏Å‡∏¥‡πä‡∏Å,OT1084,T
"3/11/2025, 23:37:43",OT3309,Kethie246,OT2217,Kethie246
"4/11/2025, 2:38:00",OT3314,Kethie246,OT386,T
"4/11/2025, 10:17:12",OT3319,KR,OT138,KR
"4/11/2025, 10:41:48",OT3321,AA,OT3122,‡πÅ‡∏≠‡∏î‡∏Å‡∏¥‡πä‡∏Å
"4/11/2025, 13:13:50",OT3329,T,OT1828,Kethie246
"4/11/2025, 14:47:45",OT3334,g.,OT2720,g.
"4/11/2025, 15:34:23",OT3335,T,OT677,N
"4/11/2025, 19:51:54",OT3347,g.,OT1472,KR
"4/11/2025, 20:29:48",OT3350,T,OT3081,‡πÅ‡∏≠‡∏î‡∏Å‡∏¥‡πä‡∏Å
"5/11/2025, 3:40:25",OT3357,Kethie246,OT3324,T
"5/11/2025, 15:45:08",OT3377,g.,OT1276,JK
"5/11/2025, 16:41:04",OT3382,JK,OT2703,Kethie246
"5/11/2025, 17:51:56",OT3390,JK,OT2649,g.
"5/11/2025, 18:55:17",OT3393,KR,OT2990,P
"5/11/2025, 21:11:22",OT3395,JK,OT1550,P
"5/11/2025, 21:41:56",OT3397,N,OT1120,JK
"6/11/2025, 8:59:49",OT3405,‡πÅ‡∏≠‡∏î‡∏Å‡∏¥‡πä‡∏Å,OT311,P
"6/11/2025, 15:23:22",OT3420,KR,OT2751,N
"6/11/2025, 17:05:44",OT3425,N,OT2591,T
"6/11/2025, 20:23:35",OT3430,Kethie246,OT3244,‡πÅ‡∏≠‡∏î‡∏Å‡∏¥‡πä‡∏Å
"7/11/2025, 10:38:32",OT3443,P,OT3081,‡πÅ‡∏≠‡∏î‡∏Å‡∏¥‡πä‡∏Å
"7/11/2025, 11:33:38",OT3431,T,OT3244,‡πÅ‡∏≠‡∏î‡∏Å‡∏¥‡πä‡∏Å
"7/11/2025, 12:17:45",OT3456,P,OT3266,‡πÅ‡∏≠‡∏î‡∏Å‡∏¥‡πä‡∏Å
"7/11/2025, 14:14:01",OT3462,N,OT285,Kethie246
"7/11/2025, 14:46:37",OT3465,‡πÅ‡∏≠‡∏î‡∏Å‡∏¥‡πä‡∏Å,OT1004,Kethie246
"7/11/2025, 17:27:34",OT3471,P,OT2107,AA
"7/11/2025, 20:09:04",OT3474,T,OT2533,Kethie246
"7/11/2025, 20:49:55",OT3475,AA,OT1673,Kethie246
"7/11/2025, 21:06:00",OT3477,N,OT3412,g.
"8/11/2025, 11:53:23",OT3490,‡πÅ‡∏≠‡∏î‡∏Å‡∏¥‡πä‡∏Å,OT2502,KR
"8/11/2025, 17:28:55",OT3500,N,OT2135,‡πÅ‡∏≠‡∏î‡∏Å‡∏¥‡πä‡∏Å
"8/11/2025, 17:51:36",OT3501,T,OT3043,‡πÅ‡∏≠‡∏î‡∏Å‡∏¥‡πä‡∏Å
"8/11/2025, 19:29:27",OT3505,JK,OT1316,JK
"8/11/2025, 20:31:40",OT3507,P,OT3506,‡πÅ‡∏≠‡∏î‡∏Å‡∏¥‡πä‡∏Å
"8/11/2025, 20:43:02",OT3508,P,OT3266,‡πÅ‡∏≠‡∏î‡∏Å‡∏¥‡πä‡∏Å
"9/11/2025, 12:43:49",OT3520,P,OT278,T
"9/11/2025, 20:20:52",OT3535,P,OT401,g.
"10/11/2025, 11:13:36",OT3546,‡πÅ‡∏≠‡∏î‡∏Å‡∏¥‡πä‡∏Å,OT2956,JK
"10/11/2025, 17:23:30",OT3567,g.,OT3561,KR
"10/11/2025, 17:28:13",OT3566,KR,OT3118,‡πÅ‡∏≠‡∏î‡∏Å‡∏¥‡πä‡∏Å
"10/11/2025, 17:40:52",OT3570,P,OT3516,‡πÅ‡∏≠‡∏î‡∏Å‡∏¥‡πä‡∏Å
"10/11/2025, 20:23:35",OT3575,N,OT2323,g.
"10/11/2025, 21:23:24",OT3576,Kethie246,OT2110,JK
"11/11/2025, 3:13:54",OT3580,Kethie246,OT1782,Kethie246
"11/11/2025, 12:22:31",OT3595,T,OT2583,JK
"11/11/2025, 12:31:08",OT3597,JK,OT2559,N
"11/11/2025, 21:35:01",OT3609,P,OT1678,Telegran
"12/11/2025, 10:21:40",OT3615,g.,OT2674,N
"12/11/2025, 15:44:05",OT3626,KR,OT2677,T
"12/11/2025, 21:56:05",OT3639,JK,OT3555,AA
"12/11/2025, 22:30:59",OT3641,g.,OT3446,P
"13/11/2025, 12:29:23",OT3664,T,OT3247,‡πÅ‡∏≠‡∏î‡∏Å‡∏¥‡πä‡∏Å
"13/11/2025, 14:25:28",OT3668,KR,OT1734,g.
"13/11/2025, 15:44:17",OT3671,‡πÅ‡∏≠‡∏î‡∏Å‡∏¥‡πä‡∏Å,OT563,TR
"13/11/2025, 20:38:53",OT3677,P,OT773,g.
"13/11/2025, 22:10:42",OT3678,g.,OT3328,T
"13/11/2025, 22:12:43",OT3679,N,OT2858,KR
"14/11/2025, 0:28:33",OT3683,Kethie246,OT3681,Kethie246
"14/11/2025, 1:26:40",OT3685,Kethie246,OT2721,T
"14/11/2025, 11:42:21",OT3701,P,OT3059,P
"14/11/2025, 11:58:10",OT3704,g.,OT3443,P
"14/11/2025, 13:07:56",OT3710,JK,OT2803,AA
"14/11/2025, 13:29:05",OT3711,JK,OT1782,Kethie246
"14/11/2025, 15:42:19",OT3712,‡πÅ‡∏≠‡∏î‡∏Å‡∏¥‡πä‡∏Å,OT3637,JK
"14/11/2025, 15:43:57",OT3713,‡πÅ‡∏≠‡∏î‡∏Å‡∏¥‡πä‡∏Å,OT3648,KR
"14/11/2025, 21:56:39",OT3720,AA,OT902,Kethie246
"14/11/2025, 22:34:05",OT3721,Kethie246,OT3602,P
"15/11/2025, 17:46:14",OT3736,P,OT178,JK
"15/11/2025, 18:23:36",OT3737,KR,OT1141,Telegran
"16/11/2025, 10:07:01",OT3746,‡πÅ‡∏≠‡∏î‡∏Å‡∏¥‡πä‡∏Å,OT3679,N
"16/11/2025, 11:39:05",OT3748,AaüçÄ,OT2338,KR
"16/11/2025, 14:14:43",OT3750,‡πÅ‡∏≠‡∏î‡∏Å‡∏¥‡πä‡∏Å,OT3360,KR
"16/11/2025, 17:14:48",OT3757,T,OT2048,KR
"17/11/2025, 13:01:13",OT3776,KR,OT3648,KR
"17/11/2025, 16:55:09",OT3784,AaüçÄ,OT3260,‡πÅ‡∏≠‡∏î‡∏Å‡∏¥‡πä‡∏Å
"17/11/2025, 21:05:24",OT3793,g.,OT3324,T
"17/11/2025, 21:26:44",OT3795,g.,OT1957,JK
"17/11/2025, 21:53:27",OT3797,T,OT3127,‡πÅ‡∏≠‡∏î‡∏Å‡∏¥‡πä‡∏Å
"18/11/2025, 9:17:21",OT3803,‡πÅ‡∏≠‡∏î‡∏Å‡∏¥‡πä‡∏Å,OT3469,P
"18/11/2025, 13:03:43",OT3817,g.,OT395,JK
"18/11/2025, 13:55:22",OT3819,N,OT2498,JK
"18/11/2025, 20:16:15",OT3827,g.,OT1828,Kethie246
"18/11/2025, 20:26:34",OT3826,KR,OT1967,KR
"19/11/2025, 9:00:24",OT3833,‡πÅ‡∏≠‡∏î‡∏Å‡∏¥‡πä‡∏Å,OT3771,AaüçÄ
"19/11/2025, 10:11:58",OT3835,KR,OT3667,g.
"19/11/2025, 13:55:32",OT3857,KR,OT2877,KR
"19/11/2025, 14:53:18",OT3860,‡πÅ‡∏≠‡∏î‡∏Å‡∏¥‡πä‡∏Å,OT881,g.
"19/11/2025, 18:57:10",OT3870,P,OT2135,‡πÅ‡∏≠‡∏î‡∏Å‡∏¥‡πä‡∏Å
"19/11/2025, 19:59:01",OT3872,AaüçÄ,OT3371,N
"20/11/2025, 10:21:22",OT3883,g.,OT1321,AA
"20/11/2025, 11:09:45",OT3888,KR,OT1979,JK
"20/11/2025, 12:26:25",OT3896,AaüçÄ,OT1718,AA
"20/11/2025, 13:43:18",OT3901,N,OT1801,g.
"20/11/2025, 16:51:41",OT3908,P,OT194,Telegran
"20/11/2025, 22:15:23",OT3914,g.,OT2410,KR
"21/11/2025, 9:30:52",OT3917,‡πÅ‡∏≠‡∏î‡∏Å‡∏¥‡πä‡∏Å,OT3234,g.
"21/11/2025, 14:52:31",OT3927,‡πÅ‡∏≠‡∏î‡∏Å‡∏¥‡πä‡∏Å,OT2432,JK
"21/11/2025, 14:59:33",OT3928,‡πÅ‡∏≠‡∏î‡∏Å‡∏¥‡πä‡∏Å,OT1608,g.
"21/11/2025, 15:44:31",OT3929,‡πÅ‡∏≠‡∏î‡∏Å‡∏¥‡πä‡∏Å,OT3707,JK
"21/11/2025, 17:04:22",OT3931,JK,OT3710,JK
"21/11/2025, 17:12:18",OT3932,P,OT80,Kethie246
"21/11/2025, 17:43:20",OT3933,g.,OT383,KR
"21/11/2025, 23:05:35",OT3950,Kethie246,OT236,Kethie246
"22/11/2025, 16:03:22",OT3967,KR,OT3521,AA
"22/11/2025, 18:04:27",OT3973,P,OT3303,T
"22/11/2025, 19:09:05",OT3977,N,OT3828,P
"22/11/2025, 19:20:06",OT3978,KR,OT3260,‡πÅ‡∏≠‡∏î‡∏Å‡∏¥‡πä‡∏Å
"22/11/2025, 21:05:03",OT3980,g.,OT987,AA
"22/11/2025, 21:16:34",OT3981,P,OT3705,AA
"23/11/2025, 8:42:20",OT3997,KR,OT1461,Kethie246
"23/11/2025, 8:50:32",OT3998,‡πÅ‡∏≠‡∏î‡∏Å‡∏¥‡πä‡∏Å,OT1461,Kethie246
"23/11/2025, 9:34:38",OT3999,KR,OT3179,‡πÅ‡∏≠‡∏î‡∏Å‡∏¥‡πä‡∏Å
"23/11/2025, 12:59:06",OT4002,P,OT3953,‡πÅ‡∏≠‡∏î‡∏Å‡∏¥‡πä‡∏Å
"23/11/2025, 13:50:36",OT4003,AaüçÄ,OT3077,T
"23/11/2025, 15:24:09",OT4004,g.,OT1582,JK
"23/11/2025, 19:05:05",OT4011,JK,OT881,g.
"23/11/2025, 22:47:57",OT4014,Kethie246,OT2649,g.
"24/11/2025, 0:07:33",OT4017,Kethie246,OT3260,‡πÅ‡∏≠‡∏î‡∏Å‡∏¥‡πä‡∏Å
"24/11/2025, 8:40:12",OT4019,N,OT3259,Kethie246
"24/11/2025, 10:49:44",OT4021,T,OT2813,AA
"24/11/2025, 10:50:32",OT4022,AaüçÄ,OT3064,AA
"24/11/2025, 11:16:59",OT4023,T,OT1282,Telegran
"24/11/2025, 12:22:29",OT4024,JK,OT3667,g.
"24/11/2025, 17:28:54",OT4036,g.,OT3268,‡πÅ‡∏≠‡∏î‡∏Å‡∏¥‡πä‡∏Å
"24/11/2025, 20:12:10",OT4042,T,OT1213,g.
"24/11/2025, 23:57:26",OT4047,Kethie246,OT1312,AA
"25/11/2025, 1:54:50",OT4048,Kethie246,OT2875,KR
"25/11/2025, 9:09:06",OT4050,N,OT2139,KR
"25/11/2025, 10:52:17",OT4054,AaüçÄ,OT728,KR
"25/11/2025, 11:24:31",OT4057,g.,OT3387,g.
"25/11/2025, 12:11:29",OT4060,g.,OT2858,KR
"25/11/2025, 12:41:42",OT4061,T,OT2865,‡πÅ‡∏≠‡∏î‡∏Å‡∏¥‡πä‡∏Å
"25/11/2025, 12:46:21",OT4064,g.,OT2858,KR
"25/11/2025, 17:43:29",OT4083,g.,OT2270,T
"25/11/2025, 18:08:35",OT4070,N,OT3456,P
"25/11/2025, 18:11:38",OT4077,JK,OT3443,P
"25/11/2025, 18:13:10",OT4078,JK,OT1219,JK
"25/11/2025, 18:25:55",OT4066,T,OT3371,N
"25/11/2025, 18:30:30",OT4086,T,OT3706,T
"25/11/2025, 18:54:31",OT4075,AaüçÄ,OT1302,JK
"25/11/2025, 18:57:32",OT4081,AaüçÄ,OT3387,g.
"25/11/2025, 19:19:27",OT4087,AaüçÄ,OT2795,N
"25/11/2025, 20:15:00",OT4089,JK,OT305,g.
"26/11/2025, 10:30:39",OT4096,g.,OT2628,AA
"26/11/2025, 10:47:53",OT4098,AaüçÄ,OT1906,Kethie246
"26/11/2025, 13:20:29",OT4115,N,OT2924,‡πÅ‡∏≠‡∏î‡∏Å‡∏¥‡πä‡∏Å
"26/11/2025, 13:24:17",OT4116,g.,OT3469,P
"26/11/2025, 14:18:09",OT4122,N,OT4118,N
"26/11/2025, 15:23:31",OT4124,JK,OT2410,KR
"26/11/2025, 16:16:30",OT4130,g.,OT1729,g.
"26/11/2025, 19:22:08",OT4137,AaüçÄ,OT2565,Kethie246
"26/11/2025, 20:19:14",OT4139,g.,OT2957,Kethie246
"26/11/2025, 20:29:30",OT4140,AaüçÄ,OT80,Kethie246
"26/11/2025, 20:58:23",OT4142,g.,OT1461,Kethie246
"27/11/2025, 0:53:32",OT4145,Kethie246,OT1786,Kethie246
"27/11/2025, 1:04:11",OT4146,Kethie246,OT3771,AaüçÄ
"27/11/2025, 8:41:44",OT4147,N,OT2993,T
"27/11/2025, 11:42:53",OT4154,JK,OT4065,T
"27/11/2025, 11:59:44",OT4156,g.,OT3371,N
"27/11/2025, 13:05:12",OT4163,g.,OT3207,‡πÅ‡∏≠‡∏î‡∏Å‡∏¥‡πä‡∏Å
"27/11/2025, 15:51:41",OT4172,N,OT2590,N
"27/11/2025, 15:58:48",OT4174,JK,OT4163,g.
"27/11/2025, 16:01:47",OT4175,g.,OT2938,g.
"27/11/2025, 17:33:03",OT4176,g.,OT3480,Kethie246
"27/11/2025, 18:58:44",OT4181,N,OT2542,N
"27/11/2025, 19:47:49",OT4182,g.,OT2503,KR
"27/11/2025, 21:51:26",OT4185,JK,OT3252,AA
"28/11/2025, 10:31:50",OT4193,g.,OT2039,KR
"28/11/2025, 11:04:26",OT4197,AaüçÄ,OT3111,P
"28/11/2025, 14:35:49",OT4214,N,OT4112,T
"28/11/2025, 15:00:09",OT4204,T,OT2821,Kethie246
"28/11/2025, 15:52:13",OT4202,JK,OT1302,JK
"28/11/2025, 16:03:29",OT4199,JK,OT2663,‡πÅ‡∏≠‡∏î‡∏Å‡∏¥‡πä‡∏Å
"28/11/2025, 20:01:41",OT4224,AaüçÄ,OT4014,Kethie246
"28/11/2025, 20:18:39",OT4225,g.,OT1140,T
"28/11/2025, 20:45:42",OT4226,Kethie246,OT60,P
"28/11/2025, 21:01:54",OT4228,JK,OT4199,JK
"28/11/2025, 21:07:24",OT4229,JK,OT673,KR
"29/11/2025, 2:39:01",OT4235,Kethie246,OT1903,P
"29/11/2025, 8:44:17",OT4237,N,OT1965,Kethie246
"29/11/2025, 10:28:57",OT4241,T,OT3134,JK
"29/11/2025, 12:50:00",OT4249,N,OT728,KR
"29/11/2025, 13:12:23",OT4250,g.,OT3765,Kethie246
"29/11/2025, 13:47:37",OT4252,g.,OT2070,T
"29/11/2025, 14:35:24",OT4254,N,OT1643,T
"29/11/2025, 16:16:43",OT4257,T,OT2926,T
"29/11/2025, 21:18:18",OT4268,JK,OT4070,N
"29/11/2025, 22:39:41",OT4270,Kethie246,OT2530,Kethie246
"29/11/2025, 22:49:04",OT4271,Kethie246,OT808,‡πÅ‡∏≠‡∏î‡∏Å‡∏¥‡πä‡∏Å
"30/11/2025, 9:03:39",OT4277,N,OT2858,KR
"30/11/2025, 10:26:20",OT4279,AaüçÄ,OT2779,Kethie246
"30/11/2025, 13:05:29",OT4287,g.,OT1883,‡πÅ‡∏≠‡∏î‡∏Å‡∏¥‡πä‡∏Å
"30/11/2025, 16:43:58",OT4298,JK,OT3286,N
"30/11/2025, 17:55:06",OT4303,N,OT3820,KR
"30/11/2025, 18:47:44",OT4305,AaüçÄ,OT3370,P
"30/11/2025, 19:09:09",OT4306,AaüçÄ,OT987,AA
"30/11/2025, 20:21:32",OT4308,g.,OT4299,AaüçÄ
"30/11/2025, 20:46:17",OT4309,T,OT255,T
"30/11/2025, 20:52:16",OT4310,T,OT2979,KR
"1/12/2025, 0:03:32",OT4316,Kethie246,OT3417,N
"1/12/2025, 8:37:05",OT4319,N,OT2562,Kethie246
"1/12/2025, 10:51:48",OT4323,JK,OT4320,N
"1/12/2025, 12:23:47",OT4328,T,OT1534,g.
"1/12/2025, 16:47:00",OT4340,JK,OT4161,g.
"1/12/2025, 17:56:00",OT4344,AaüçÄ,OT2941,‡πÅ‡∏≠‡∏î‡∏Å‡∏¥‡πä‡∏Å
"1/12/2025, 18:11:57",OT4345,T,OT108,g.
"1/12/2025, 22:31:17",OT4353,Kethie246,OT1734,g.
"1/12/2025, 23:05:00",OT4354,Kethie246,OT2994,N
"2/12/2025, 10:27:43",OT4362,AaüçÄ,OT3055,KR
"2/12/2025, 14:51:52",OT4372,T,OT3529,P
"2/12/2025, 15:27:07",OT4383,T,OT1874,Telegran
"2/12/2025, 16:49:16",OT4388,AaüçÄ,OT577,KR
"3/12/2025, 9:16:53",OT4400,AaüçÄ,OT4349,g.
"3/12/2025, 10:37:53",OT4401,T,OT3453,g.
"3/12/2025, 10:39:42",OT4402,T,OT4163,g.
"3/12/2025, 10:41:11",OT4403,T,OT2194,g.
"3/12/2025, 10:43:08",OT4415,g.,OT2638,P
"3/12/2025, 10:46:16",OT4396,JK,OT2131,KR
"3/12/2025, 10:47:40",OT4404,JK,OT3984,AaüçÄ
"3/12/2025, 12:23:56",OT4421,JK,OT4204,T
"3/12/2025, 12:54:36",OT4424,g.,OT4370,JK
"3/12/2025, 13:00:28",OT4425,g.,OT3421,KR
"3/12/2025, 13:36:10",OT4428,N,OT4052,g.
"3/12/2025, 17:26:02",OT4435,JK,OT3859,‡πÅ‡∏≠‡∏î‡∏Å‡∏¥‡πä‡∏Å
"3/12/2025, 21:24:07",OT4456,JK,OT1140,T
"3/12/2025, 21:52:14",OT4460,T,OT3351,g.
"3/12/2025, 21:55:46",OT4461,JK,OT3294,g.
"3/12/2025, 22:18:28",OT4462,Kethie246,OT794,P
"4/12/2025, 1:29:55",OT4467,Kethie246,OT1734,g.
"4/12/2025, 2:29:25",OT4468,Kethie246,OT1474,g.
"4/12/2025, 9:59:16",OT4474,N,OT4323,JK
"4/12/2025, 10:55:35",OT4477,g.,OT1623,g.
"4/12/2025, 12:30:21",OT4473,N,OT1042,JK
"4/12/2025, 13:02:23",OT4489,g.,OT2327,KR
"4/12/2025, 14:22:38",OT4486,T,OT4153,g.
"4/12/2025, 14:34:38",OT4492,N,OT3948,T
"4/12/2025, 15:49:25",OT4494,g.,OT194,Telegran
"4/12/2025, 18:41:20",OT4502,N,OT3165,Kethie246
"4/12/2025, 22:49:01",OT4507,Kethie246,OT2731,N
"5/12/2025, 12:57:31",OT4533,AaüçÄ,OT1643,T